Model,Accuracy,Precision,Recall,F1-Score,ROC-AUC,Approach
Logistic Regression,0.651790439230905,0.5165562913907285,0.039413845376452754,0.07323943661971831,0.5888105596568851,ML
Random Forest,0.7302875286646675,0.6714939024390244,0.4451743304699343,0.5353995745973869,0.7440448558098517,ML
XGBoost,0.7130005291938614,0.664179104477612,0.35977766548762,0.4667322189446083,0.729665005593967,ML
LSTM,0.8631151878638208,0.8980807412309728,0.685699848408287,0.7776504297994269,0.8650542073889662,DL
CNN,0.8694655142000353,0.928719723183391,0.6781202627589692,0.7838785046728972,0.8812126241525176,DL
TabTransformer,0.87299347327571,0.925050641458474,0.6922688226376958,0.791907514450867,0.8568143008362878,DL
