Model,Accuracy,Precision,Recall,F1-Score,ROC-AUC,Approach
Logistic Regression,0.7495149056270948,0.5350877192982456,0.042717086834733894,0.07911802853437094,0.6704955030821572,ML
Random Forest,0.8288939848297759,0.7313131313131314,0.5070028011204482,0.5988420181968569,0.849852166756823,ML
XGBoost,0.7997883224554595,0.6925098554533509,0.36904761904761907,0.481498401096391,0.8239459306476657,ML
LSTM,0.9657787969659551,0.9320728291316527,0.9320728291316527,0.9320728291316527,0.9917652276661668,DL
CNN,0.9689539601340624,0.9446022727272727,0.9313725490196079,0.9379407616361072,0.9950314127065586,DL
TabTransformer,0.9622508378902804,0.9591527987897126,0.8879551820728291,0.9221818181818182,0.9933773084805722,DL
